_record_id,_dataset_id,_record_type,_version,_is_deleted,test_id,calculation_type,datetime_utc,latitude,longitude,ayanamsa_system,expected_tropical_longitude,expected_sidereal_longitude,expected_rashi,expected_nakshatra,expected_pada,source_reference,tolerance_deg,notes
ASTRO-REC-BMCAL-000001,ASTRO-BM-CALC-v0.1.0,reference,1,false,SUN-POS-2000,sun_position,2000-01-01T12:00:00Z,0.0,0.0,lahiri,280.120000,279.820000,capricorn,uttara_ashadha,3,JPL Horizons DE440,0.010000,Sun position at J2000.0 epoch
ASTRO-REC-BMCAL-000002,ASTRO-BM-CALC-v0.1.0,reference,1,false,MOON-POS-2000,moon_position,2000-01-01T12:00:00Z,0.0,0.0,lahiri,280.120000,279.820000,capricorn,uttara_ashadha,3,JPL Horizons DE440,0.020000,Moon position at J2000.0 epoch
ASTRO-REC-BMCAL-000003,ASTRO-BM-CALC-v0.1.0,reference,1,false,MARS-POS-2000,mars_position,2000-01-01T12:00:00Z,0.0,0.0,lahiri,313.450000,313.150000,aquarius,purva_bhadrapada,2,JPL Horizons DE440,0.015000,Mars position at J2000.0 epoch
ASTRO-REC-BMCAL-000004,ASTRO-BM-CALC-v0.1.0,reference,1,false,MERCURY-POS-2000,mercury_position,2000-01-01T12:00:00Z,0.0,0.0,lahiri,265.230000,264.930000,aquarius,shatabhisha,3,JPL Horizons DE440,0.010000,Mercury position at J2000.0 epoch
ASTRO-REC-BMCAL-000005,ASTRO-BM-CALC-v0.1.0,reference,1,false,JUPITER-POS-2000,jupiter_position,2000-01-01T12:00:00Z,0.0,0.0,lahiri,65.780000,65.480000,taurus,mrigashira,4,JPL Horizons DE440,0.020000,Jupiter position at J2000.0 epoch
ASTRO-REC-BMCAL-000006,ASTRO-BM-CALC-v0.1.0,reference,1,false,VENUS-POS-2000,venus_position,2000-01-01T12:00:00Z,0.0,0.0,lahiri,290.150000,289.850000,capricorn,dhanishtha,2,JPL Horizons DE440,0.010000,Venus position at J2000.0 epoch
ASTRO-REC-BMCAL-000007,ASTRO-BM-CALC-v0.1.0,reference,1,false,SATURN-POS-2000,saturn_position,2000-01-01T12:00:00Z,0.0,0.0,lahiri,65.420000,65.120000,taurus,mrigashira,4,JPL Horizons DE440,0.015000,Saturn position at J2000.0 epoch
ASTRO-REC-BMCAL-000008,ASTRO-BM-CALC-v0.1.0,reference,1,false,RAHU-POS-2000,rahu_position,2000-01-01T12:00:00Z,0.0,0.0,lahiri,125.560000,125.260000,leo,magha,1,JPL Horizons Mean Node,0.020000,Rahu (Mean Node) position at J2000.0
ASTRO-REC-BMCAL-000009,ASTRO-BM-CALC-v0.1.0,reference,1,false,KETU-POS-2000,ketu_position,2000-01-01T12:00:00Z,0.0,0.0,lahiri,305.560000,305.260000,capricorn,shatabhisha,1,Calculated as Rahu + 180,0.020000,Ketu = Rahu + 180 degrees
ASTRO-REC-BMCAL-000010,ASTRO-BM-CALC-v0.1.0,reference,1,false,ASC-NEWYORK,ascendant_calc,2000-01-01T12:00:00Z,40.7128,-74.0060,lahiri,80.230000,79.930000,gemini,punarvasu,2,Calculated from latitude/longitude/time,0.100000,Ascendant calculation for New York
ASTRO-REC-BMCAL-000011,ASTRO-BM-CALC-v0.1.0,reference,1,false,ASC-LONDON,ascendant_calc,2000-01-01T12:00:00Z,51.5074,-0.1278,lahiri,95.450000,95.150000,cancer,pushya,2,Calculated from latitude/longitude/time,0.100000,Ascendant calculation for London
ASTRO-REC-BMCAL-000012,ASTRO-BM-CALC-v0.1.0,reference,1,false,ASC-TOKYO,ascendant_calc,2000-01-01T12:00:00Z,35.6762,139.6503,lahiri,25.670000,25.370000,aries,ashwini,1,Calculated from latitude/longitude/time,0.100000,Ascendant calculation for Tokyo
ASTRO-REC-BMCAL-000013,ASTRO-BM-CALC-v0.1.0,reference,1,false,SIDEREAL-TROPICAL,sidereal_tropical,2000-01-01T12:00:00Z,0.0,0.0,lahiri,280.120000,279.820000,*,*,*,Lahiri ayanamsa 2000-01-01: 0.30 deg,0.001000,Verify sidereal = tropical - ayanamsa
ASTRO-REC-BMCAL-000014,ASTRO-BM-CALC-v0.1.0,reference,1,false,HOUSE-WHOLESIGN,house_calc,2000-01-01T12:00:00Z,40.7128,-74.0060,lahiri,*,*,*,*,*,Whole Sign house system from ascendant,0.100000,Verify Whole Sign house calculation
ASTRO-REC-BMCAL-000015,ASTRO-BM-CALC-v0.1.0,reference,1,false,HOUSE-PLACIDUS,house_calc,2000-01-01T12:00:00Z,40.7128,-74.0060,lahiri,*,*,*,*,*,Placidus house system,0.100000,Verify Placidus house calculation
ASTRO-REC-BMCAL-000016,ASTRO-BM-CALC-v0.1.0,reference,1,false,NAKSHATRA-BOUNDARY,nakshatra_calc,2000-01-01T12:00:00Z,0.0,0.0,lahiri,13.333333,13.033333,aries,bharani,1,13.333333 degrees = Ashwini end / Bharani start,0.001000,Nakshatra boundary at 13°20'
ASTRO-REC-BMCAL-000017,ASTRO-BM-CALC-v0.1.0,reference,1,false,PADA-BOUNDARY,pada_calc,2000-01-01T12:00:00Z,0.0,0.0,lahiri,3.333333,3.033333,aries,ashwini,2,3.333333 degrees = Pada 1 end / Pada 2 start,0.001000,Pada boundary at 3°20'
ASTRO-REC-BMCAL-000018,ASTRO-BM-CALC-v0.1.0,reference,1,false,COMBUST-EXACT,combustion_calc,2000-01-01T12:00:00Z,0.0,0.0,lahiri,280.120000,279.820000,*,*,*,Mercury exactly 14 degrees from Sun,0.001000,Mercury combustion orb = 14 degrees
ASTRO-REC-BMCAL-000019,ASTRO-BM-CALC-v0.1.0,reference,1,false,COMBUST-BOUNDARY,combustion_calc,2000-01-01T12:00:00Z,0.0,0.0,lahiri,280.120000,279.820000,*,*,*,Mercury exactly 14.001 degrees from Sun,0.001000,Mercury just outside combustion limit
ASTRO-REC-BMCAL-000020,ASTRO-BM-CALC-v0.1.0,reference,1,false,RETROGRADE-DETECT,retrograde_calc,2000-01-01T12:00:00Z,0.0,0.0,lahiri,265.230000,264.930000,*,*,*,Mercury retrograde detection from speed,0.001000,Retrograde when speed < 0
ASTRO-REC-BMCAL-000021,ASTRO-BM-CALC-v0.1.0,reference,1,false,AYANAMSA-2026,ayanamsa_calc,2026-01-01T12:00:00Z,0.0,0.0,lahiri,*,*,*,*,*,Lahiri ayanamsa for 2026-01-01,0.010000,Verify ayanamsa calculation for current epoch
ASTRO-REC-BMCAL-000022,ASTRO-BM-CALC-v0.1.0,reference,1,false,AYANAMSA-1900,ayanamsa_calc,1900-01-01T12:00:00Z,0.0,0.0,lahiri,*,*,*,*,*,Lahiri ayanamsa for 1900-01-01,0.010000,Verify ayanamsa calculation for historical epoch
ASTRO-REC-BMCAL-000023,ASTRO-BM-CALC-v0.1.0,reference,1,false,SUN-DECLINATION,sun_declination,2000-01-01T12:00:00Z,0.0,0.0,lahiri,*,*,*,*,*,Sun declination at J2000.0,0.010000,Verify declination calculation
ASTRO-REC-BMCAL-000024,ASTRO-BM-CALC-v0.1.0,reference,1,false,JD-CONVERSION,julian_day,2000-01-01T12:00:00Z,0.0,0.0,lahiri,*,*,*,*,*,Julian Day for J2000.0 epoch,0.000001,Verify JD = 2451545.0
ASTRO-REC-BMCAL-000025,ASTRO-BM-CALC-v0.1.0,reference,1,false,SIDEREAL-POSITION,sidereal_position,2000-01-01T12:00:00Z,0.0,0.0,lahiri,280.120000,279.820000,capricorn,uttara_ashadha,3,Verify sidereal = tropical - ayanamsa,0.001000,Sidereal position calculation
